record_type,year,species,band,beak_length_mm,beak_depth_mm,mid_parent_bd,male_parent_bd,female_parent_bd
beak,1975,fortis,2,9.4,8,,,
beak,1975,fortis,9,9.2,8.3,,,
beak,1975,fortis,12,9.5,7.5,,,
beak,1975,fortis,15,9.5,8,,,
beak,1975,fortis,305,11.5,9.9,,,
beak,1975,fortis,307,11.1,8.6,,,
beak,1975,fortis,308,9.9,8.4,,,
beak,1975,fortis,309,11.5,9.8,,,
beak,1975,fortis,311,10.8,9.2,,,
beak,1975,fortis,312,11.3,9,,,
beak,1975,fortis,313,11.5,9.5,,,
beak,1975,fortis,314,11.5,8.9,,,
beak,1975,fortis,315,9.7,8.8,,,
beak,1975,fortis,316,10.9,9.7,,,
beak,1975,fortis,316,10.9,9.85,,,
beak,1975,fortis,320,10.1,8.9,,,
beak,1975,fortis,321,10.6,8.5,,,
beak,1975,fortis,323,9.6,8.2,,,
beak,1975,fortis,324,10.3,9.3,,,
beak,1975,fortis,326,10.5,9.1,,,
beak,1975,fortis,328,10.5,8.8,,,
beak,1975,fortis,329,10.9,9.4,,,
beak,1975,fortis,330,11.2,9.6,,,
beak,1975,fortis,340,9.4,8.5,,,
beak,1975,fortis,341,10.1,8.1,,,
beak,1975,fortis,342,9.6,8,,,
beak,1975,fortis,343,10.5,9.7,,,
beak,1975,fortis,344,9.9,8.2,,,
beak,1975,fortis,345,9.9,8.4,,,
beak,1975,fortis,346,9.6,7.9,,,
beak,1975,fortis,347,10.7,9.3,,,
beak,1975,fortis,348,11.8,10.5,,,
beak,1975,fortis,349,10.2,9.7,,,
beak,1975,fortis,350,10.9,9.6,,,
beak,1975,fortis,352,9.3,7.7,,,
beak,1975,fortis,354,11.6,9.8,,,
beak,1975,fortis,355,11.2,9.8,,,
beak,1975,fortis,356,10.1,8.5,,,
beak,1975,fortis,360,10.7,9.2,,,
beak,1975,fortis,366,11,10.1,,,
beak,1975,fortis,368,10.8,9,,,
beak,1975,fortis,369,10.2,9,,,
beak,1975,fortis,401,10.8,9.4,,,
beak,1975,fortis,402,10.4,8.8,,,
beak,1975,fortis,403,11.2,9.9,,,
beak,1975,fortis,405,11.4,9.9,,,
beak,1975,fortis,410,10.9,8.9,,,
beak,1975,fortis,411,10.4,9.4,,,
beak,1975,fortis,413,9.7,8.2,,,
beak,1975,fortis,414,10.2,8.2,,,
beak,1975,fortis,415,9.2,8.1,,,
beak,1975,fortis,416,10.1,8.4,,,
beak,1975,fortis,417,11,10.1,,,
beak,1975,fortis,418,10.3,8.6,,,
beak,1975,fortis,419,10.2,8.5,,,
beak,1975,fortis,420,11,9.7,,,
beak,1975,fortis,422,11,10.3,,,
beak,1975,fortis,423,10.1,8.6,,,
beak,1975,fortis,424,10.7,9.3,,,
beak,1975,fortis,425,10.7,8.9,,,
beak,1975,fortis,426,11,9.7,,,
beak,1975,fortis,427,12,10.2,,,
beak,1975,fortis,428,11.6,10.2,,,
beak,1975,fortis,450,9.9,8.5,,,
beak,1975,fortis,451,10.8,8.8,,,
beak,1975,fortis,452,10.5,8.9,,,
beak,1975,fortis,453,10,8.7,,,
beak,1975,fortis,454,9.6,9.3,,,
beak,1975,fortis,455,11,9.7,,,
beak,1975,fortis,456,10.2,9.6,,,
beak,1975,fortis,457,9.7,7.85,,,
beak,1975,fortis,458,11.1,9.6,,,
beak,1975,fortis,459,10.4,9.3,,,
beak,1975,fortis,461,11.1,9.8,,,
beak,1975,fortis,462,10.2,8.8,,,
beak,1975,fortis,463,10.3,9.1,,,
beak,1975,fortis,465,9.9,9,,,
beak,1975,fortis,466,11,10.4,,,
beak,1975,fortis,468,10.8,9,,,
beak,1975,fortis,473,10.5,9.5,,,
beak,1975,fortis,474,10.5,8.7,,,
beak,1975,fortis,475,11.2,9.6,,,
beak,1975,fortis,476,11.2,9.4,,,
beak,1975,fortis,477,11.7,9.5,,,
beak,1975,fortis,479,10.5,8.6,,,
beak,1975,fortis,501,10.5,9.9,,,
beak,1975,fortis,502,11.2,9.4,,,
beak,1975,fortis,503,10,9.1,,,
beak,1975,fortis,504,10.4,8.6,,,
beak,1975,fortis,505,10.8,9.3,,,
beak,1975,fortis,506,11.1,9.2,,,
beak,1975,fortis,507,10.3,8.8,,,
beak,1975,fortis,509,11.1,9.2,,,
beak,1975,fortis,510,9.8,8.3,,,
beak,1975,fortis,511,10.5,8.8,,,
beak,1975,fortis,512,11,9.4,,,
beak,1975,fortis,513,11.2,10.4,,,
beak,1975,fortis,514,9.8,8.5,,,
beak,1975,fortis,515,9.8,7.9,,,
beak,1975,fortis,516,9.8,7.9,,,
beak,1975,fortis,517,10.3,10.1,,,
beak,1975,fortis,518,11.3,9.8,,,
beak,1975,fortis,519,10,8.3,,,
beak,1975,fortis,520,11.1,9.4,,,
beak,1975,fortis,521,10,9,,,
beak,1975,fortis,522,10.3,8.4,,,
beak,1975,fortis,524,10.2,8.7,,,
beak,1975,fortis,526,10.4,9.2,,,
beak,1975,fortis,527,11,9.5,,,
beak,1975,fortis,528,11.5,10.1,,,
beak,1975,fortis,529,11.8,9.8,,,
beak,1975,fortis,560,10.2,8.5,,,
beak,1975,fortis,561,11.7,10.2,,,
beak,1975,fortis,563,10.1,8.6,,,
beak,1975,fortis,564,10.2,9.3,,,
beak,1975,fortis,565,9.8,8.7,,,
beak,1975,fortis,566,10.6,8.9,,,
beak,1975,fortis,567,10,8.4,,,
beak,1975,fortis,572,12.1,10.3,,,
beak,1975,fortis,574,11.1,9.9,,,
beak,1975,fortis,576,10.5,8.9,,,
beak,1975,fortis,578,10,9.1,,,
beak,1975,fortis,579,10.2,8.6,,,
beak,1975,fortis,601,9.7,7.8,,,
beak,1975,fortis,602,10,8.6,,,
beak,1975,fortis,603,10.7,9.5,,,
beak,1975,fortis,604,11,9.5,,,
beak,1975,fortis,605,10.9,10.2,,,
beak,1975,fortis,606,10.5,9.1,,,
beak,1975,fortis,607,10.9,9.7,,,
beak,1975,fortis,608,10.7,9.4,,,
beak,1975,fortis,609,11.9,10.5,,,
beak,1975,fortis,610,10.2,9,,,
beak,1975,fortis,611,10.5,9.8,,,
beak,1975,fortis,615,11.2,10,,,
beak,1975,fortis,616,10.7,9.6,,,
beak,1975,fortis,617,10.3,9.6,,,
beak,1975,fortis,618,11.6,9.9,,,
beak,1975,fortis,619,10.5,9.3,,,
beak,1975,fortis,620,10.9,9.6,,,
beak,1975,fortis,621,9.8,7.6,,,
beak,1975,fortis,622,10.9,9.2,,,
beak,1975,fortis,623,10.3,8.8,,,
beak,1975,fortis,624,11.7,10.1,,,
beak,1975,fortis,625,11,8.9,,,
beak,1975,fortis,626,9.8,9.5,,,
beak,1975,fortis,627,10.4,8.2,,,
beak,1975,fortis,628,10.8,9.7,,,
beak,1975,fortis,629,11,9.8,,,
beak,1975,fortis,670,10.6,9.3,,,
beak,1975,fortis,671,11.3,9.8,,,
beak,1975,fortis,672,10.1,8.8,,,
beak,1975,fortis,673,11.4,10.1,,,
beak,1975,fortis,674,11.8,10.5,,,
beak,1975,fortis,675,9.9,8.6,,,
beak,1975,fortis,676,11,9.7,,,
beak,1975,fortis,677,10.8,10,,,
beak,1975,fortis,678,11.3,9.7,,,
beak,1975,fortis,679,11.1,10.5,,,
beak,1975,fortis,680,11,10.4,,,
beak,1975,fortis,681,10.4,9.2,,,
beak,1975,fortis,682,9.1,8.1,,,
beak,1975,fortis,683,10.8,9.4,,,
beak,1975,fortis,684,10.6,8.9,,,
beak,1975,fortis,685,8.7,8.2,,,
beak,1975,fortis,686,10.7,9.3,,,
beak,1975,fortis,687,10.3,8.6,,,
beak,1975,fortis,688,10.5,9,,,
beak,1975,fortis,689,9.1,7.6,,,
beak,1975,fortis,701,9.5,8.7,,,
beak,1975,fortis,702,10.8,9.8,,,
beak,1975,fortis,703,10.6,9.4,,,
beak,1975,fortis,704,9.9,9.9,,,
beak,1975,fortis,705,11.5,10.1,,,
beak,1975,fortis,706,11.2,9.8,,,
beak,1975,fortis,707,9.7,7.9,,,
beak,1975,fortis,708,12.2,10.8,,,
beak,1975,fortis,709,9.2,7.9,,,
beak,1975,fortis,710,10.5,10,,,
beak,1975,fortis,711,10.5,8.4,,,
beak,1975,fortis,712,10.8,9.5,,,
beak,1975,fortis,713,10.7,8.8,,,
beak,1975,fortis,714,11.8,10.4,,,
beak,1975,fortis,715,9.1,8.1,,,
beak,1975,fortis,716,10.1,9.8,,,
beak,1975,fortis,717,10,8.2,,,
beak,1975,fortis,719,11,9.5,,,
beak,1975,fortis,720,12.2,10.5,,,
beak,1975,fortis,721,11.4,9.7,,,
beak,1975,fortis,723,10.9,9.6,,,
beak,1975,fortis,725,10.6,9.6,,,
beak,1975,fortis,726,9.3,7.9,,,
beak,1975,fortis,780,10.9,10.1,,,
beak,1975,fortis,781,10.6,9.3,,,
beak,1975,fortis,785,11,10.3,,,
beak,1975,fortis,786,9,7.9,,,
beak,1975,fortis,787,11,9.1,,,
beak,1975,fortis,788,10.4,8.9,,,
beak,1975,fortis,789,10.4,8.3,,,
beak,1975,fortis,790,9.6,9.4,,,
beak,1975,fortis,801,10.6,9.5,,,
beak,1975,fortis,802,10.1,8.5,,,
beak,1975,fortis,803,9.7,8.6,,,
beak,1975,fortis,804,9.6,8.5,,,
beak,1975,fortis,805,10.1,8.2,,,
beak,1975,fortis,807,9.9,7.9,,,
beak,1975,fortis,808,11,10,,,
beak,1975,fortis,809,10.9,9.4,,,
beak,1975,fortis,810,9.7,8,,,
beak,1975,fortis,811,10,8.6,,,
beak,1975,fortis,812,10.4,9,,,
beak,1975,fortis,813,11.6,9.9,,,
beak,1975,fortis,814,9.6,8,,,
beak,1975,fortis,815,10.8,9.6,,,
beak,1975,fortis,817,10.9,9.2,,,
beak,1975,fortis,818,10.2,9,,,
beak,1975,fortis,818,10.2,9,,,
beak,1975,fortis,819,10.4,9.2,,,
beak,1975,fortis,820,11,9.5,,,
beak,1975,fortis,821,10.7,9.2,,,
beak,1975,fortis,822,11.1,9.7,,,
beak,1975,fortis,823,10.8,9.1,,,
beak,1975,fortis,824,10.9,9.4,,,
beak,1975,fortis,825,9.9,8.6,,,
beak,1975,fortis,826,11.8,9.8,,,
beak,1975,fortis,827,9.7,8,,,
beak,1975,fortis,828,11.9,10.4,,,
beak,1975,fortis,829,9.6,8.1,,,
beak,1975,fortis,830,10.9,9.9,,,
beak,1975,fortis,831,10.2,8.6,,,
beak,1975,fortis,891,9.9,8,,,
beak,1975,fortis,892,11.3,9,,,
beak,1975,fortis,893,10.9,9.7,,,
beak,1975,fortis,894,9.8,8.1,,,
beak,1975,fortis,895,10.3,8.8,,,
beak,1975,fortis,896,8.8,7.5,,,
beak,1975,fortis,897,11.6,10.2,,,
beak,1975,fortis,898,9.9,8.2,,,
beak,1975,fortis,899,9.9,8.6,,,
beak,1975,fortis,900,9.9,8.7,,,
beak,1975,fortis,902,10.4,8.6,,,
beak,1975,fortis,903,11.2,9.9,,,
beak,1975,fortis,904,10.8,9.5,,,
beak,1975,fortis,905,9.9,8.4,,,
beak,1975,fortis,906,9.9,8.7,,,
beak,1975,fortis,907,10.2,8.2,,,
beak,1975,fortis,908,10.4,9.2,,,
beak,1975,fortis,909,9.4,8.2,,,
beak,1975,fortis,910,10.2,9.2,,,
beak,1975,fortis,911,11,9.3,,,
beak,1975,fortis,912,10.6,8.9,,,
beak,1975,fortis,913,10.5,9,,,
beak,1975,fortis,914,10.4,9.1,,,
beak,1975,fortis,915,10.2,8.8,,,
beak,1975,fortis,917,10.2,8.8,,,
beak,1975,fortis,919,11,9.6,,,
beak,1975,fortis,921,11.1,10.2,,,
beak,1975,fortis,922,9.7,8.2,,,
beak,1975,fortis,923,10.5,8.9,,,
beak,1975,fortis,924,10.9,9,,,
beak,1975,fortis,925,10.7,8.8,,,
beak,1975,fortis,926,11,9.9,,,
beak,1975,fortis,927,10.9,9.3,,,
beak,1975,fortis,928,11.2,9.9,,,
beak,1975,fortis,929,11.5,9.5,,,
beak,1975,fortis,930,10.8,10,,,
beak,1975,fortis,931,10.2,8.9,,,
beak,1975,fortis,932,11,9.8,,,
beak,1975,fortis,933,10.9,9.9,,,
beak,1975,fortis,934,10.5,8.7,,,
beak,1975,fortis,936,10.8,9.2,,,
beak,1975,fortis,941,9.8,8.2,,,
beak,1975,fortis,942,9.7,7.9,,,
beak,1975,fortis,943,10.3,9.1,,,
beak,1975,fortis,944,10.3,8.3,,,
beak,1975,fortis,944,10.3,8.3,,,
beak,1975,fortis,945,11.6,10.8,,,
beak,1975,fortis,945,11.6,10.8,,,
beak,1975,fortis,951,10.9,9.9,,,
beak,1975,fortis,952,10.6,9,,,
beak,1975,fortis,954,11.5,9.3,,,
beak,1975,fortis,991,10.8,9.6,,,
beak,1975,fortis,1040,10.83,9.3,,,
beak,1975,fortis,1368,11.73,10.2,,,
beak,1975,fortis,1420,10.23,8.6,,,
beak,1975,fortis,1433,11.83,10.98,,,
beak,1975,fortis,1560,11.43,10.28,,,
beak,1975,fortis,1581,10.73,9.6,,,
beak,1975,fortis,1770,10.33,9.28,,,
beak,1975,fortis,1857,10.23,9.5,,,
beak,1975,fortis,1860,11.53,9.4,,,
beak,1975,fortis,1884,11.03,9.15,,,
beak,1975,fortis,2102,11.73,9.8,,,
beak,1975,fortis,2105,10.53,9.35,,,
beak,1975,fortis,2220,9.93,8.5,,,
beak,1975,fortis,2381,11.23,10.5,,,
beak,1975,fortis,2482,9.83,8.5,,,
beak,1975,fortis,2939,9.63,8.31,,,
beak,1975,fortis,2955,10.6,9.9,,,
beak,1975,fortis,2974,11.88,10.36,,,
beak,1975,fortis,3642,11.03,10.28,,,
beak,1975,fortis,8016,10.73,8.9,,,
beak,1975,fortis,8020,10.13,8.7,,,
beak,1975,fortis,20139,10.15,9.15,,,
beak,1975,fortis,20165,10.85,10.35,,,
beak,1975,fortis,20166,10.95,8.85,,,
beak,1975,fortis,20168,9.85,8.55,,,
beak,1975,fortis,20204,10.25,8.95,,,
beak,1975,fortis,20238,11.75,10.75,,,
beak,1975,fortis,20267,10.95,10.05,,,
beak,1975,fortis,20273,10.95,10.15,,,
beak,1975,fortis,20283,10.55,8.45,,,
beak,1975,fortis,20285,9.65,8.85,,,
beak,1975,fortis,20286,11.45,10.25,,,
beak,1975,fortis,20293,10.25,9.75,,,
beak,1975,fortis,20298,10.05,8.95,,,
beak,1975,scandens,302,13.9,8.4,,,
beak,1975,scandens,304,14,8.8,,,
beak,1975,scandens,306,12.9,8.4,,,
beak,1975,scandens,310,13.5,8,,,
beak,1975,scandens,317,12.9,7.9,,,
beak,1975,scandens,318,14.6,8.9,,,
beak,1975,scandens,319,13,8.6,,,
beak,1975,scandens,322,14.2,8.5,,,
beak,1975,scandens,325,14,8.9,,,
beak,1975,scandens,327,14.2,9.1,,,
beak,1975,scandens,351,13.1,8.6,,,
beak,1975,scandens,353,15.1,9.8,,,
beak,1975,scandens,357,13.5,8.2,,,
beak,1975,scandens,358,14.4,9,,,
beak,1975,scandens,359,14.9,9.7,,,
beak,1975,scandens,361,12.9,8.6,,,
beak,1975,scandens,362,13,8.2,,,
beak,1975,scandens,363,14.9,9,,,
beak,1975,scandens,364,14,8.4,,,
beak,1975,scandens,365,13.8,8.6,,,
beak,1975,scandens,367,13,8.9,,,
beak,1975,scandens,404,14.75,9.1,,,
beak,1975,scandens,406,13.7,8.3,,,
beak,1975,scandens,407,13.8,8.7,,,
beak,1975,scandens,408,14,9.6,,,
beak,1975,scandens,409,14.6,8.5,,,
beak,1975,scandens,412,15.2,9.1,,,
beak,1975,scandens,421,13.5,9,,,
beak,1975,scandens,429,15.1,9.2,,,
beak,1975,scandens,460,15,9.9,,,
beak,1975,scandens,464,12.8,8.6,,,
beak,1975,scandens,467,14.9,9.2,,,
beak,1975,scandens,469,15.3,8.4,,,
beak,1975,scandens,470,13.4,8.9,,,
beak,1975,scandens,471,14.2,8.5,,,
beak,1975,scandens,472,15.1,10.4,,,
beak,1975,scandens,478,15.1,9.6,,,
beak,1975,scandens,508,14,9.1,,,
beak,1975,scandens,523,13.6,9.3,,,
beak,1975,scandens,525,14,9.3,,,
beak,1975,scandens,562,14,8.8,,,
beak,1975,scandens,568,13.9,8.3,,,
beak,1975,scandens,569,14,8.8,,,
beak,1975,scandens,570,14.9,9.1,,,
beak,1975,scandens,571,15.6,10.1,,,
beak,1975,scandens,573,13.8,8.9,,,
beak,1975,scandens,575,14.4,9.2,,,
beak,1975,scandens,577,12.8,8.5,,,
beak,1975,scandens,612,14.2,10.2,,,
beak,1975,scandens,613,13.4,10.1,,,
beak,1975,scandens,614,14,9.2,,,
beak,1975,scandens,718,14.8,9.7,,,
beak,1975,scandens,722,14.2,9.1,,,
beak,1975,scandens,724,13.5,8.5,,,
beak,1975,scandens,727,13.4,8.2,,,
beak,1975,scandens,728,14.6,9,,,
beak,1975,scandens,729,13.5,9.3,,,
beak,1975,scandens,782,13.7,8,,,
beak,1975,scandens,783,13.9,9.1,,,
beak,1975,scandens,784,13.1,8.1,,,
beak,1975,scandens,806,13.4,8.3,,,
beak,1975,scandens,816,13.8,8.7,,,
beak,1975,scandens,890,13.6,8.8,,,
beak,1975,scandens,901,14,8.6,,,
beak,1975,scandens,916,13.5,8.7,,,
beak,1975,scandens,918,12.8,8,,,
beak,1975,scandens,920,14,8.8,,,
beak,1975,scandens,935,13.4,9,,,
beak,1975,scandens,953,14.9,9.1,,,
beak,1975,scandens,1014,15.54,9.74,,,
beak,1975,scandens,1642,14.63,9.1,,,
beak,1975,scandens,1748,14.73,9.8,,,
beak,1975,scandens,1841,15.73,10.4,,,
beak,1975,scandens,1842,14.83,8.3,,,
beak,1975,scandens,2084,15.94,9.44,,,
beak,1975,scandens,2397,15.14,9.04,,,
beak,1975,scandens,8110,14.23,9,,,
beak,1975,scandens,20122,14.15,9.05,,,
beak,1975,scandens,20151,14.35,9.65,,,
beak,1975,scandens,20188,14.95,9.45,,,
beak,1975,scandens,20210,13.95,8.65,,,
beak,1975,scandens,20223,14.05,9.45,,,
beak,1975,scandens,20225,14.55,9.45,,,
beak,1975,scandens,20252,14.05,9.05,,,
beak,1975,scandens,20255,14.45,8.75,,,
beak,1975,scandens,20266,15.05,9.45,,,
beak,1975,scandens,20279,13.25,8.35,,,
beak,2012,fortis,19022,10,8.5,,,
beak,2012,fortis,19028,12.5,8.9,,,
beak,2012,fortis,19032,9.3,7.5,,,
beak,2012,fortis,19041,10.3,9.6,,,
beak,2012,fortis,19044,11,9.2,,,
beak,2012,fortis,19048,10.1,8.2,,,
beak,2012,fortis,19072,9.6,7.8,,,
beak,2012,fortis,19082,10.9,8.6,,,
beak,2012,fortis,19104,10.3,8.4,,,
beak,2012,fortis,19114,9.8,7.7,,,
beak,2012,fortis,19121,10.1,8,,,
beak,2012,fortis,19126,10.4,8.7,,,
beak,2012,fortis,19146,9.6,8.1,,,
beak,2012,fortis,19164,10.6,8.8,,,
beak,2012,fortis,19174,10.6,9.4,,,
beak,2012,fortis,19203,11.9,10,,,
beak,2012,fortis,19210,11.3,9.6,,,
beak,2012,fortis,19217,11.3,9.6,,,
beak,2012,fortis,19224,9.7,8.1,,,
beak,2012,fortis,19226,9.7,7.5,,,
beak,2012,fortis,19252,10.1,8.4,,,
beak,2012,fortis,19263,10,7.9,,,
beak,2012,fortis,19274,10,8.3,,,
beak,2012,fortis,19280,10,8.9,,,
beak,2012,fortis,19288,11.5,9.1,,,
beak,2012,fortis,19328,9.5,7.7,,,
beak,2012,fortis,19349,11.2,8.3,,,
beak,2012,fortis,19362,10.7,8.6,,,
beak,2012,fortis,19372,10,8.4,,,
beak,2012,fortis,19382,9.8,7.7,,,
beak,2012,fortis,19384,10.9,9.1,,,
beak,2012,fortis,19392,9.2,7.7,,,
beak,2012,fortis,19394,10.2,9,,,
beak,2012,fortis,19422,11.3,10.2,,,
beak,2012,fortis,19439,10.3,8.1,,,
beak,2012,fortis,19461,10.7,8.6,,,
beak,2012,fortis,19482,10,8.4,,,
beak,2012,fortis,19502,9.7,8.1,,,
beak,2012,fortis,19511,9.9,8,,,
beak,2012,fortis,19536,10.7,8.3,,,
beak,2012,fortis,19563,11,10.3,,,
beak,2012,fortis,19568,9.7,8,,,
beak,2012,fortis,19602,10.5,8.8,,,
beak,2012,fortis,19604,11.7,9,,,
beak,2012,fortis,19614,10.8,9.3,,,
beak,2012,fortis,19623,9.1,7.6,,,
beak,2012,fortis,19627,10.9,8.2,,,
beak,2012,fortis,19642,12.2,10,,,
beak,2012,fortis,19649,10.9,8.2,,,
beak,2012,fortis,19654,10.7,8.2,,,
beak,2012,fortis,19674,10.4,8.3,,,
beak,2012,fortis,19682,9.7,7.8,,,
beak,2012,fortis,19712,10.3,8,,,
beak,2012,fortis,19734,9.8,8.4,,,
beak,2012,fortis,19746,10.6,9.3,,,
beak,2012,fortis,19749,10.5,8.9,,,
beak,2012,fortis,19774,12.5,9.7,,,
beak,2012,fortis,19782,9.2,7.6,,,
beak,2012,fortis,19815,10.1,9,,,
beak,2012,fortis,19820,10.6,8.6,,,
beak,2012,fortis,19821,11.5,8.9,,,
beak,2012,fortis,19829,10.8,8.6,,,
beak,2012,fortis,19832,10.5,8.8,,,
beak,2012,fortis,19835,10.1,8.5,,,
beak,2012,fortis,19840,10.7,9.2,,,
beak,2012,fortis,19849,9.6,8,,,
beak,2012,fortis,19874,10.7,9.4,,,
beak,2012,fortis,19878,10.1,7.7,,,
beak,2012,fortis,19889,10,8.4,,,
beak,2012,fortis,19914,10,8.5,,,
beak,2012,fortis,19921,10.4,9,,,
beak,2012,fortis,19922,10.4,9,,,
beak,2012,fortis,19928,11.7,9.3,,,
beak,2012,fortis,19932,10.6,8.7,,,
beak,2012,fortis,19942,11.5,8.1,,,
beak,2012,fortis,19946,10.7,8.7,,,
beak,2012,fortis,19947,10.4,7.9,,,
beak,2012,fortis,19952,10.1,7.7,,,
beak,2012,fortis,19974,10.8,8.4,,,
beak,2012,fortis,19993,11.5,9.25,,,
beak,2012,fortis,19994,11.1,8.1,,,
beak,2012,fortis,21049,9.9,8.3,,,
beak,2012,fortis,21052,10.5,8.5,,,
beak,2012,fortis,21080,12.2,9.9,,,
beak,2012,fortis,21082,10.9,8.4,,,
beak,2012,fortis,21087,12.9,9.9,,,
beak,2012,fortis,21088,9.7,7.2,,,
beak,2012,fortis,21089,9.7,8.2,,,
beak,2012,fortis,21090,10,8.2,,,
beak,2012,fortis,21129,10.1,8.3,,,
beak,2012,fortis,21160,10.2,8.4,,,
beak,2012,fortis,21161,9.6,7.5,,,
beak,2012,fortis,21162,9.9,8.2,,,
beak,2012,fortis,21165,10.6,8.6,,,
beak,2012,fortis,21169,9.8,8.2,,,
beak,2012,fortis,21191,11.1,8.8,,,
beak,2012,fortis,21244,10,8.5,,,
beak,2012,fortis,21247,10.9,8.1,,,
beak,2012,fortis,21249,10,8.3,,,
beak,2012,fortis,21258,10.6,8.5,,,
beak,2012,fortis,21259,10.7,8.1,,,
beak,2012,fortis,21261,9.4,7.3,,,
beak,2012,fortis,21262,10.1,8,,,
beak,2012,fortis,21265,11.8,10.2,,,
beak,2012,fortis,21266,12.2,11.1,,,
beak,2012,fortis,21272,12.9,9.9,,,
beak,2012,fortis,21273,10.1,8.7,,,
beak,2012,fortis,21276,10.1,8.3,,,
beak,2012,fortis,21277,9,7.8,,,
beak,2012,fortis,21282,11.7,9.9,,,
beak,2012,fortis,21283,10.9,10.3,,,
beak,2012,fortis,21287,10.4,8.4,,,
beak,2012,fortis,21293,12.7,8.7,,,
beak,2012,fortis,21294,10.5,9.8,,,
beak,2012,fortis,21296,9.6,8.7,,,
beak,2012,fortis,21298,10.6,9,,,
beak,2012,fortis,21299,10.4,7.8,,,
beak,2012,fortis,21341,10.5,8.5,,,
beak,2012,fortis,21343,10.1,8.2,,,
beak,2012,fortis,21349,10.6,9.2,,,
beak,2012,fortis,22000,10.6,9,,,
beak,2012,scandens,19026,14.3,9.4,,,
beak,2012,scandens,19028,12.5,8.9,,,
beak,2012,scandens,19029,13.7,9.5,,,
beak,2012,scandens,19094,13.8,11,,,
beak,2012,scandens,19122,12,8.7,,,
beak,2012,scandens,19125,13,8.4,,,
beak,2012,scandens,19129,13,9.1,,,
beak,2012,scandens,19172,13.6,8.7,,,
beak,2012,scandens,19182,12.8,10.2,,,
beak,2012,scandens,19212,13.6,9.6,,,
beak,2012,scandens,19214,12.95,8.85,,,
beak,2012,scandens,19244,13.1,8.8,,,
beak,2012,scandens,19251,13.4,9.5,,,
beak,2012,scandens,19260,13.9,9.2,,,
beak,2012,scandens,19270,12.3,9,,,
beak,2012,scandens,19278,14,9.8,,,
beak,2012,scandens,19289,12.5,9.3,,,
beak,2012,scandens,19299,12.3,9,,,
beak,2012,scandens,19312,13.9,10.2,,,
beak,2012,scandens,19326,13.1,7.7,,,
beak,2012,scandens,19343,12.5,9,,,
beak,2012,scandens,19374,13.9,9.5,,,
beak,2012,scandens,19401,13.7,9.4,,,
beak,2012,scandens,19406,12,8,,,
beak,2012,scandens,19408,14.4,8.9,,,
beak,2012,scandens,19426,13.5,9.4,,,
beak,2012,scandens,19430,13.8,9.5,,,
beak,2012,scandens,19433,13,8,,,
beak,2012,scandens,19438,14.9,10,,,
beak,2012,scandens,19452,12.5,8.95,,,
beak,2012,scandens,19466,12.3,8.2,,,
beak,2012,scandens,19469,12.8,8.8,,,
beak,2012,scandens,19486,13.4,9.2,,,
beak,2012,scandens,19492,13.8,9.4,,,
beak,2012,scandens,19493,13.5,9.5,,,
beak,2012,scandens,19494,13.5,8.1,,,
beak,2012,scandens,19495,13.4,9.5,,,
beak,2012,scandens,19496,12.3,8.4,,,
beak,2012,scandens,19497,14.35,9.3,,,
beak,2012,scandens,19510,13.2,9.3,,,
beak,2012,scandens,19513,13.8,9.6,,,
beak,2012,scandens,19518,14.6,9.2,,,
beak,2012,scandens,19526,14.3,10,,,
beak,2012,scandens,19527,13.8,8.9,,,
beak,2012,scandens,19528,13.6,10.5,,,
beak,2012,scandens,19543,12.9,8.9,,,
beak,2012,scandens,19553,13,8.6,,,
beak,2012,scandens,19554,13.5,8.8,,,
beak,2012,scandens,19573,13.2,9.15,,,
beak,2012,scandens,19592,13.7,9.5,,,
beak,2012,scandens,19594,13.1,9.1,,,
beak,2012,scandens,19597,13.2,10.2,,,
beak,2012,scandens,19598,12.6,8.4,,,
beak,2012,scandens,19599,13,10,,,
beak,2012,scandens,19619,13.9,10.2,,,
beak,2012,scandens,19622,13.2,9.3,,,
beak,2012,scandens,19652,15,10.8,,,
beak,2012,scandens,19653,13.37,8.3,,,
beak,2012,scandens,19664,11.4,7.8,,,
beak,2012,scandens,19692,13.8,9.8,,,
beak,2012,scandens,19720,13,7.9,,,
beak,2012,scandens,19740,13,8.9,,,
beak,2012,scandens,19747,13.1,7.7,,,
beak,2012,scandens,19766,12.8,8.9,,,
beak,2012,scandens,19783,13.3,9.4,,,
beak,2012,scandens,19844,13.5,9.4,,,
beak,2012,scandens,19848,12.4,8.5,,,
beak,2012,scandens,19852,13.1,8.5,,,
beak,2012,scandens,19854,14,9.6,,,
beak,2012,scandens,19855,13.5,10.2,,,
beak,2012,scandens,19868,11.8,8.8,,,
beak,2012,scandens,19882,13.7,9.5,,,
beak,2012,scandens,19900,13.2,9.3,,,
beak,2012,scandens,19910,12.2,9,,,
beak,2012,scandens,19936,13,9.2,,,
beak,2012,scandens,19940,13.1,8.7,,,
beak,2012,scandens,19941,14.7,9,,,
beak,2012,scandens,19951,13.7,9.1,,,
beak,2012,scandens,19955,13.5,8.7,,,
beak,2012,scandens,19956,13.3,9.4,,,
beak,2012,scandens,21040,14.1,9.8,,,
beak,2012,scandens,21041,12.5,8.6,,,
beak,2012,scandens,21045,13.7,10.6,,,
beak,2012,scandens,21047,14.6,9,,,
beak,2012,scandens,21053,14.1,9.5,,,
beak,2012,scandens,21057,12.9,8.1,,,
beak,2012,scandens,21070,13.9,9.3,,,
beak,2012,scandens,21081,13.4,9.6,,,
beak,2012,scandens,21092,13,8.5,,,
beak,2012,scandens,21093,12.7,8.2,,,
beak,2012,scandens,21106,12.1,8,,,
beak,2012,scandens,21109,14,9.5,,,
beak,2012,scandens,21111,14.9,9.7,,,
beak,2012,scandens,21113,13.9,9.9,,,
beak,2012,scandens,21131,12.9,9.1,,,
beak,2012,scandens,21135,14.6,9.5,,,
beak,2012,scandens,21136,14,9.8,,,
beak,2012,scandens,21159,13,8.4,,,
beak,2012,scandens,21167,12.7,8.3,,,
beak,2012,scandens,21176,14,9.6,,,
beak,2012,scandens,21248,14.1,9.4,,,
beak,2012,scandens,21253,14.1,10,,,
beak,2012,scandens,21255,13,8.9,,,
beak,2012,scandens,21256,13.5,9.1,,,
beak,2012,scandens,21257,13.4,9.8,,,
beak,2012,scandens,21260,13.9,9.3,,,
beak,2012,scandens,21263,13.1,9.9,,,
beak,2012,scandens,21267,12.9,8.9,,,
beak,2012,scandens,21268,14,8.5,,,
beak,2012,scandens,21270,14,10.6,,,
beak,2012,scandens,21271,14.1,9.3,,,
beak,2012,scandens,21278,14.7,8.9,,,
beak,2012,scandens,21279,13.4,8.9,,,
beak,2012,scandens,21280,13.8,9.7,,,
beak,2012,scandens,21281,13.4,9.8,,,
beak,2012,scandens,21285,13.8,10.5,,,
beak,2012,scandens,21286,12.4,8.4,,,
beak,2012,scandens,21288,14.1,10,,,
beak,2012,scandens,21289,12.9,9,,,
beak,2012,scandens,21290,13.9,8.7,,,
beak,2012,scandens,21291,14.3,8.8,,,
beak,2012,scandens,21292,13.2,8.4,,,
beak,2012,scandens,21295,14.2,9.3,,,
beak,2012,scandens,21297,13,9.8,,,
beak,2012,scandens,21340,14.6,8.9,,,
beak,2012,scandens,21342,13.1,9.8,,,
beak,2012,scandens,21347,15.2,9.1,,,
heredity,,fortis,,,10.7,10.1000,10.9,9.3
heredity,,fortis,,,9.78,9.5500,10.7,8.4
heredity,,fortis,,,9.48,9.4000,10.7,8.1
heredity,,fortis,,,9.6,10.2500,10.7,9.8
heredity,,fortis,,,10.27,10.1250,9.85,10.4
heredity,,fortis,,,9.5,9.7000,9.8,9.6
heredity,,fortis,,,9,9.0500,9.9,8.2
heredity,,fortis,,,7.46,7.4000,9.3,5.5
heredity,,fortis,,,7.65,9.0000,9.4,8.6
heredity,,fortis,,,8.63,8.6500,9.4,7.9
heredity,,fortis,,,9.81,9.6250,9.4,9.85
heredity,,fortis,,,9.4,9.9000,10.1,9.7
heredity,,fortis,,,9.48,9.5500,10.1,9
heredity,,fortis,,,8.75,9.0500,8.3,9.8
heredity,,fortis,,,7.6,8.3500,8.7,8
heredity,,fortis,,,10,10.1000,10.1,10.1
heredity,,fortis,,,10.09,10.1000,10.1,10.1
heredity,,fortis,,,9.74,9.9000,9.7,10.1
heredity,,fortis,,,9.64,10.2250,9.7,10.75
heredity,,fortis,,,8.49,10.0000,11.8,8.2
heredity,,fortis,,,10.15,10.5500,10.4,10.7
heredity,,fortis,,,10.28,10.4500,10.5,10.4
heredity,,fortis,,,9.2,9.2000,10.3,8.1
heredity,,fortis,,,10.01,10.2000,10.3,10.1
heredity,,fortis,,,9.03,8.9500,8.6,9.3
heredity,,fortis,,,9.94,10.0500,9.5,10.6
heredity,,fortis,,,10.5,10.2000,10,10.4
heredity,,fortis,,,9.7,9.5000,10,9
heredity,,fortis,,,10.02,9.9250,9.1,10.75
heredity,,fortis,,,10.04,9.9500,11.2,8.7
heredity,,fortis,,,9.43,10.0500,10,10.1
heredity,,fortis,,,8.1,8.7500,9.6,7.9
heredity,,fortis,,,9.5,9.2000,10.3,8.1
heredity,,fortis,,,9.9,10.1500,10.5,9.8
heredity,,fortis,,,9.48,9.8000,11,8.6
heredity,,fortis,,,10.18,10.7000,11,10.4
heredity,,fortis,,,10.16,10.5000,11,10
heredity,,fortis,,,9.08,9.5500,9,10.1
heredity,,fortis,,,10.39,10.5500,10.6,10.5
heredity,,fortis,,,9.9,10.4750,10.6,10.35
heredity,,fortis,,,8.4,8.6500,8.1,9.2
heredity,,fortis,,,10.6,10.7000,10.2,11.2
heredity,,fortis,,,8.75,9.1000,8.6,9.6
heredity,,fortis,,,9.46,9.4000,9.4,9.4
heredity,,fortis,,,9.6,10.3000,10.3,10.3
heredity,,fortis,,,9.6,9.6500,10.3,9
heredity,,fortis,,,9.95,9.5000,10.3,8.7
heredity,,fortis,,,10.05,9.7000,9.9,9.5
heredity,,fortis,,,10.16,10.5250,10.3,10.75
heredity,,fortis,,,10.1,9.9500,10.6,9.3
heredity,,fortis,,,9.83,10.1000,10.6,9.6
heredity,,fortis,,,9.46,9.7500,9.5,10
heredity,,fortis,,,9.7,10.0500,10.4,9.7
heredity,,fortis,,,9.82,9.9000,10.4,9.4
heredity,,fortis,,,10.34,10.0000,10,10
heredity,,fortis,,,8.02,9.1000,10,8.2
heredity,,fortis,,,9.65,9.4500,9.1,9.8
heredity,,fortis,,,9.87,9.2500,9.1,9.4
heredity,,fortis,,,9,9.5000,9.9,9.1
heredity,,fortis,,,11.14,10.0000,9.9,10.1
heredity,,fortis,,,9.25,10.5250,10.1,10.95
heredity,,fortis,,,8.14,9.9000,10.1,9.7
heredity,,fortis,,,10.23,10.4000,10.7,10.1
heredity,,fortis,,,8.7,8.9500,9.3,8.6
heredity,,fortis,,,9.8,9.4000,8.3,10.5
heredity,,fortis,,,10.54,10.9500,11.4,10.5
heredity,,fortis,,,11.19,10.7500,11.4,10.1
heredity,,fortis,,,9.85,10.1000,11.4,8.8
heredity,,fortis,,,8.1,8.0500,8.1,8
heredity,,fortis,,,9.3,9.1000,8.1,10.1
heredity,,fortis,,,9.34,9.5500,9.3,9.8
heredity,,fortis,,,9.19,9.0500,9.3,8.8
heredity,,fortis,,,9.52,10.2000,11.2,9.2
heredity,,fortis,,,9.36,10.0000,10.8,9.2
heredity,,fortis,,,8.8,10.5500,10.8,10.3
heredity,,fortis,,,8.6,10.7500,11.1,10.4
heredity,,fortis,,,8,8.1750,8.6,7.75
heredity,,fortis,,,8.5,9.7000,9.4,10
heredity,,fortis,,,8.3,8.8000,9,8.6
heredity,,fortis,,,10.38,10.7500,11.3,10.2
heredity,,fortis,,,8.54,9.3000,8.9,9.7
heredity,,fortis,,,8.94,9.7000,9.8,9.6
heredity,,fortis,,,10,9.6000,9.8,9.4
heredity,,fortis,,,9.76,9.7500,9.9,9.6
heredity,,fortis,,,9.45,9.6000,9.9,9.3
heredity,,fortis,,,9.89,10.4500,11.6,9.3
heredity,,fortis,,,10.9,11.0000,11.6,10.4
heredity,,fortis,,,9.91,10.8500,11.6,10.1
heredity,,fortis,,,9.39,10.1500,11.6,8.7
heredity,,fortis,,,9.86,10.3500,10.9,9.8
heredity,,fortis,,,9.74,10.4000,10.8,10
heredity,,fortis,,,9.9,9.9500,10.8,9.1
heredity,,fortis,,,9.09,9.1000,10.1,8.1
heredity,,fortis,,,9.69,10.1000,10.1,10.1
heredity,,fortis,,,10.24,9.8500,9.2,10.5
heredity,,fortis,,,8.9,9.6250,8.95,10.3
heredity,,fortis,,,9.67,9.4750,8.95,10
heredity,,fortis,,,8.93,9.0000,9.3,8.7
heredity,,fortis,,,9.3,9.2500,9.3,9.2
heredity,,fortis,,,8.67,9.1000,9.3,8.9
heredity,,fortis,,,9.15,9.2500,10.3,8.2
heredity,,fortis,,,9.23,9.2000,9.7,8.7
heredity,,fortis,,,9.59,9.9500,9.7,10.2
heredity,,fortis,,,9.03,8.6500,10.1,7.2
heredity,,fortis,,,9.58,9.8000,10.1,9.5
heredity,,fortis,,,8.97,9.4000,9.3,9.5
heredity,,fortis,,,8.57,9.0000,9.3,8.7
heredity,,fortis,,,8.47,8.5500,9.2,7.9
heredity,,fortis,,,8.71,8.7500,9.2,8.3
heredity,,fortis,,,9.21,9.6500,9.3,10
heredity,,fortis,,,9.13,8.9500,9.3,8.6
heredity,,fortis,,,8.5,9.1500,9.9,8.4
heredity,,fortis,,,9.58,9.8500,10.85,8.85
heredity,,fortis,,,9.21,10.2250,10.85,9.6
heredity,,fortis,,,9.6,9.8250,10.85,8.8
heredity,,fortis,,,9.32,10.0000,8.8,11.2
heredity,,fortis,,,8.7,9.4250,10.45,8.4
heredity,,fortis,,,10.46,10.4000,10.8,10
heredity,,fortis,,,9.29,9.8750,9,10.75
heredity,,fortis,,,9.24,8.9500,9,8.9
heredity,,fortis,,,9.45,8.9000,9,8.8
heredity,,fortis,,,9.35,9.3500,9.8,8.9
heredity,,fortis,,,10.19,10.4250,9.55,11.3
heredity,,fortis,,,9.91,10.0000,10,10
heredity,,fortis,,,9.18,10.1750,9.6,10.75
heredity,,fortis,,,9.89,9.8750,9.6,10.15
heredity,,fortis,,,9.6,9.8750,9.6,10.15
heredity,,fortis,,,10.3,9.1500,8.9,9.4
heredity,,fortis,,,9.45,9.4500,9.5,9.4
heredity,,fortis,,,8.79,9.0250,9.5,8.55
heredity,,fortis,,,9.2,9.7000,9.5,9.9
heredity,,fortis,,,8.8,9.7000,9.9,9.5
heredity,,fortis,,,9.69,10.0500,10.3,9.8
heredity,,fortis,,,10.61,10.3000,10.3,10.3
heredity,,fortis,,,9.6,9.6000,9.6,9.6
heredity,,fortis,,,9.9,10.0000,10.6,9.4
heredity,,fortis,,,9.26,9.8000,10.6,9
heredity,,fortis,,,10.2,10.0500,9.6,10.5
heredity,,fortis,,,8.79,8.7500,8.6,8.9
heredity,,fortis,,,9.28,10.5500,11.8,9.3
heredity,,fortis,,,8.83,9.7000,10.8,8.6
heredity,,fortis,,,9.76,10.0000,10.8,9.2
heredity,,fortis,,,10.2,9.8500,9.7,10
heredity,,fortis,,,9.43,9.8000,9.7,9.9
heredity,,fortis,,,9.4,9.1750,9.7,8.65
heredity,,fortis,,,9.9,9.6500,9.7,9.6
heredity,,fortis,,,9.5,9.5500,9.8,9.3
heredity,,fortis,,,8.95,9.9000,9.8,10
heredity,,fortis,,,9.98,11.5500,12.7,10.4
heredity,,fortis,,,9.72,11.3000,12.7,9.9
heredity,,fortis,,,9.86,10.4000,11.4,9.4
heredity,,fortis,,,11.1,10.8000,11.4,10.2
heredity,,fortis,,,9.14,9.8000,11.4,8.2
heredity,,fortis,,,10.49,10.4500,10.3,10.6
heredity,,fortis,,,9.75,10.0000,10.4,9.6
heredity,,fortis,,,10.35,10.7500,11.1,10.4
heredity,,fortis,,,9.73,9.3500,8.8,9.9
heredity,,fortis,,,9.83,10.7500,11.5,10
heredity,,fortis,,,8.69,9.1750,9.75,8.6
heredity,,fortis,,,9.58,9.6500,8.9,10.4
heredity,,fortis,,,8.42,8.8000,8.9,8.7
heredity,,fortis,,,9.25,10.5500,10.9,10.2
heredity,,fortis,,,10.12,10.6750,10.9,10.45
heredity,,fortis,,,9.31,9.9500,10.6,9.3
heredity,,fortis,,,9.99,9.5500,8.6,10.5
heredity,,fortis,,,8.59,8.8250,8.6,9.05
heredity,,fortis,,,8.74,9.7000,10.4,9
heredity,,fortis,,,8.79,9.8500,9.8,9.9
heredity,,fortis,,,9.6,9.8000,9.6,10
heredity,,fortis,,,9.52,9.5500,9.4,9.7
heredity,,fortis,,,8.93,9.2750,9.85,8.7
heredity,,fortis,,,10.23,10.3250,10.2,10.45
heredity,,fortis,,,9.35,9.1500,9.9,8.4
heredity,,fortis,,,9.35,9.3500,9.2,9.5
heredity,,fortis,,,9.09,9.1500,8.7,9.6
heredity,,fortis,,,9.04,9.6500,9.8,9.5
heredity,,fortis,,,9.75,10.5750,10.55,10.6
heredity,,fortis,,,10.5,9.9750,10.55,9.4
heredity,,fortis,,,9.09,9.5500,9.7,9.4
heredity,,fortis,,,9.05,9.2000,9.7,8.7
heredity,,fortis,,,9.54,9.9250,9.7,10.15
heredity,,fortis,,,9.3,9.2000,9.7,8.7
heredity,,fortis,,,9.06,9.3000,9.7,8.9
heredity,,fortis,,,8.7,8.7750,9.05,8.5
heredity,,fortis,,,9.32,9.3250,9.05,9.6
heredity,,fortis,,,8.4,9.1750,9.05,9.3
heredity,,fortis,,,8.67,9.3250,9.05,9.6
heredity,,fortis,,,8.6,8.9750,9.05,8.9
heredity,,fortis,,,9.53,9.7000,10.3,9.1
heredity,,fortis,,,9.77,9.5000,10.3,8.7
heredity,,fortis,,,9.65,10.2250,10.3,10.15
heredity,,fortis,,,9.43,10.0250,10.05,10
heredity,,fortis,,,8.35,8.2000,7.5,8.9
heredity,,fortis,,,8.26,8.2000,6.4,10
heredity,,fortis,,,9.5,9.5500,9.8,9.3
heredity,,fortis,,,8.6,9.0500,9.8,8.3
heredity,,fortis,,,9.57,9.6000,9.8,9.4
heredity,,fortis,,,9.14,9.6000,9.3,9.9
heredity,,fortis,,,10.79,10.1500,10.3,10
heredity,,fortis,,,8.91,9.8750,10.3,9.45
heredity,,fortis,,,9.93,10.4850,12.37,8.6
heredity,,fortis,,,10.7,11.4850,12.37,10.6
heredity,,fortis,,,9.3,10.9850,12.37,9.6
heredity,,fortis,,,9.93,9.7000,9.6,9.8
heredity,,fortis,,,9.51,9.6500,9,10.3
heredity,,fortis,,,9.44,9.3500,9,9.7
heredity,,fortis,,,10.05,10.0500,9.6,10.5
heredity,,fortis,,,10.13,10.1000,10.9,9.3
heredity,,fortis,,,9.24,9.9000,9.8,10
heredity,,fortis,,,8.21,8.9500,9.8,8.1
heredity,,fortis,,,8.9,9.3000,9.8,8.8
heredity,,fortis,,,9.34,9.9500,9.2,10.7
heredity,,fortis,,,8.77,9.4500,9.9,9
heredity,,fortis,,,9.4,9.5000,8.4,10.6
heredity,,fortis,,,8.82,8.4500,8.4,8.5
heredity,,fortis,,,8.83,8.8000,8.4,9.2
heredity,,fortis,,,8.6,8.5250,8.4,8.65
heredity,,fortis,,,9.5,9.3750,9.6,9.15
heredity,,fortis,,,10.2,10.2000,10.6,9.8
heredity,,fortis,,,8.09,7.6250,7.65,7.6
heredity,,fortis,,,9.07,8.3750,7.65,9.1
heredity,,fortis,,,9.29,9.2500,9.7,8.8
heredity,,fortis,,,9.1,9.4000,9.9,8.9
heredity,,fortis,,,10.19,10.5500,10.6,10.5
heredity,,fortis,,,9.25,8.9000,8.9,8.9
heredity,,fortis,,,8.98,8.8000,8.9,8.7
heredity,,fortis,,,9.02,9.0000,8.9,9.1
heredity,,fortis,,,8.6,8.5750,8.9,8.25
heredity,,fortis,,,8.25,8.5750,9.15,8
heredity,,fortis,,,8.7,9.6000,10.3,8.9
heredity,,fortis,,,9.9,9.3750,10.3,8.45
heredity,,fortis,,,9.65,9.6000,10.3,8.9
heredity,,fortis,,,9.45,9.9500,9.9,10
heredity,,fortis,,,9.38,9.6000,10.1,9.1
heredity,,fortis,,,10.4,10.2000,10.4,10
heredity,,fortis,,,9.96,9.8500,10.3,9.4
heredity,,fortis,,,9.46,9.6250,10.05,9.2
heredity,,fortis,,,8.26,9.0250,10.05,8
heredity,,fortis,,,10.05,10.3750,10.05,10.7
heredity,,fortis,,,8.92,10.2500,10.6,9.9
heredity,,fortis,,,9.5,9.3000,9.9,8.7
heredity,,fortis,,,9.43,9.5000,9.9,9.1
heredity,,fortis,,,8.97,9.5500,9.9,9.2
heredity,,fortis,,,8.44,8.5500,9.2,7.9
heredity,,fortis,,,8.92,9.0500,9.2,8.9
heredity,,fortis,,,10.3,9.9000,11,8.8
heredity,,fortis,,,8.4,9.8000,10,9.6
heredity,,fortis,,,9.37,9.7500,10,9.5
heredity,,fortis,,,9.91,10.2500,11.4,9.1
heredity,,fortis,,,10,9.1000,9,9.2
heredity,,fortis,,,9.21,9.6500,10,9.3
heredity,,fortis,,,9.95,10.3000,10,10.6
heredity,,fortis,,,8.84,8.9000,10,7.8
heredity,,fortis,,,9.82,9.9500,10,9.9
heredity,,fortis,,,9.5,9.5000,8.9,10.1
heredity,,fortis,,,10.29,9.7750,9.7,9.85
heredity,,fortis,,,8.4,9.4250,10.65,8.2
heredity,,fortis,,,8.31,7.7500,6.7,8.8
heredity,,fortis,,,9.29,7.5500,6.7,8.4
heredity,,fortis,,,8.86,9.1000,8.6,9.6
heredity,,fortis,,,9.4,9.6000,10.6,8.6
heredity,,fortis,,,9.62,9.5750,9.95,9.2
heredity,,fortis,,,8.62,8.9500,9.5,8.4
heredity,,fortis,,,8.3,9.6500,10.2,9.1
heredity,,fortis,,,9.8,9.6500,10.3,9
heredity,,fortis,,,8.48,9.6500,11,8.3
heredity,,fortis,,,9.61,9.5250,10.5,8.55
heredity,,fortis,,,9.5,9.8500,10.5,9.2
heredity,,fortis,,,9.37,9.0500,9.3,8.8
heredity,,fortis,,,8.74,9.3000,9.2,9.4
heredity,,fortis,,,9.31,8.9000,9.2,8.6
heredity,,fortis,,,9.5,9.4500,9.2,9.7
heredity,,fortis,,,9.49,10.0000,9.7,10.3
heredity,,fortis,,,9.74,9.8500,9.7,10
heredity,,fortis,,,9.2,9.2500,9.7,8.8
heredity,,fortis,,,9.24,10.1000,10,10.2
heredity,,fortis,,,9.7,9.1250,9.9,8.35
heredity,,fortis,,,9.64,9.6500,9.9,9.4
heredity,,fortis,,,9.2,9.1000,9.9,8.3
heredity,,fortis,,,7.5,8.0500,6.4,9.7
heredity,,fortis,,,7.5,7.4000,6.4,8.4
heredity,,fortis,,,8.7,8.8500,7.7,10
heredity,,fortis,,,8.31,9.0750,7.7,10.45
heredity,,fortis,,,9,9.0000,9.7,8.3
heredity,,fortis,,,9.74,9.7000,9.1,10.3
heredity,,fortis,,,9.31,8.7000,8.9,8.5
heredity,,fortis,,,10.5,9.4500,8.9,10
heredity,,fortis,,,9.3,9.7000,9.4,10
heredity,,fortis,,,8.12,8.3500,9.4,7.3
heredity,,fortis,,,9.34,8.8500,8.6,9.1
heredity,,fortis,,,9.72,9.7000,9.8,9.6
heredity,,fortis,,,9,9.4500,9.8,9.1
heredity,,fortis,,,9.65,10.3000,10.6,10
heredity,,fortis,,,9.9,10.0000,9.7,10.3
heredity,,fortis,,,10,10.4500,10.1,10.8
heredity,,fortis,,,10.1,9.4500,10.1,8.8
heredity,,fortis,,,8,8.5000,8.5,8.5
heredity,,fortis,,,9.07,8.3000,7.7,8.9
heredity,,fortis,,,9.75,10.0000,9.4,10.6
heredity,,fortis,,,9.33,9.2250,10.1,8.35
heredity,,fortis,,,8.11,9.7500,8.9,10.6
heredity,,fortis,,,9.36,9.1500,9.1,9.2
heredity,,fortis,,,9.74,9.5500,10.2,8.9
heredity,,fortis,,,9.9,9.0000,9.5,8.5
heredity,,fortis,,,9.23,9.2750,9.1,9.45
heredity,,fortis,,,9.7,9.3500,9.5,9.2
heredity,,fortis,,,8.2,8.9500,9.5,8.4
heredity,,fortis,,,9.35,9.8750,9.85,9.9
heredity,,fortis,,,9.49,8.4500,7.9,9
heredity,,fortis,,,9.34,8.6000,7.9,9.3
heredity,,fortis,,,8.87,9.7000,8.6,10.8
heredity,,fortis,,,9.03,8.5500,8.6,8.5
heredity,,fortis,,,9.07,9.0500,8.1,10
heredity,,fortis,,,9.43,9.6000,10.3,8.9
heredity,,fortis,,,8.2,8.6500,8.5,8.8
heredity,,fortis,,,9.19,9.2000,9.2,9.2
heredity,,fortis,,,9,8.9500,9.2,8.7
heredity,,fortis,,,9.2,9.6000,10,9.2
heredity,,fortis,,,9.06,9.1500,9.3,9
heredity,,fortis,,,9.81,9.4000,9.1,9.7
heredity,,fortis,,,8.89,8.9500,9,8.9
heredity,,fortis,,,9.4,9.9500,11.5,8.4
heredity,,fortis,,,10.45,10.5500,11.4,9.7
heredity,,fortis,,,9.64,9.7000,10.3,9.1
heredity,,fortis,,,9.03,8.8500,8.9,8.8
heredity,,fortis,,,8.71,8.8000,8.9,8.7
heredity,,fortis,,,9.91,10.0000,9.6,10.4
heredity,,fortis,,,8.33,9.0500,9.6,8.5
heredity,,fortis,,,8.2,8.2000,7.2,9.2
heredity,,fortis,,,7.83,8.1000,7.2,9
heredity,,fortis,,,7.14,7.2500,7.2,7.3
heredity,,fortis,,,8.91,8.3000,7.2,9.4
heredity,,fortis,,,9.18,9.1500,8.9,9.4
heredity,,fortis,,,8.8,8.6000,8.9,8.3
heredity,,fortis,,,9.9,9.5000,11,8
heredity,,fortis,,,7.73,8.0500,7,9.1
heredity,,fortis,,,9.25,9.4250,9.85,9
heredity,,fortis,,,8.7,9.3000,9.8,8.8
heredity,,fortis,,,9.5,9.8000,9.8,9.8
heredity,,fortis,,,9.3,9.3000,10.2,8.4
heredity,,fortis,,,9.05,9.8500,10.2,9.5
heredity,,fortis,,,10.18,9.5000,9.6,9.4
heredity,,fortis,,,8.85,8.6500,8.3,9
heredity,,fortis,,,9.24,9.8250,9.5,10.15
heredity,,fortis,,,9.15,9.0000,9.5,8.5
heredity,,fortis,,,9.98,10.4500,10.9,10
heredity,,fortis,,,8.77,9.1000,9.5,8.7
heredity,,fortis,,,9.8,9.5500,10,9.1
heredity,,fortis,,,8.65,9.0500,8.5,9.6
heredity,,fortis,,,10,10.0000,8.8,11.2
heredity,,fortis,,,8.81,9.3500,9.8,8.9
heredity,,fortis,,,8.01,8.3750,8.8,7.95
heredity,,fortis,,,7.9,8.3000,8.8,7.8
heredity,,fortis,,,9.41,8.8000,8.9,8.7
heredity,,fortis,,,10.18,10.1000,9.8,10.4
heredity,,fortis,,,9.55,9.5000,9.6,9.4
heredity,,fortis,,,9.08,9.7500,10.4,9.1
heredity,,fortis,,,8.4,10.1000,10.4,9.8
heredity,,fortis,,,9.75,9.5750,9.45,9.7
heredity,,fortis,,,8.9,9.4250,9.45,9.4
heredity,,fortis,,,9.07,9.6500,10.4,8.9
heredity,,fortis,,,9.35,8.7250,8.45,9
heredity,,fortis,,,8.9,9.0250,9.5,8.55
heredity,,fortis,,,8.19,8.5000,9.7,7.3
heredity,,fortis,,,8.65,8.9500,9.6,8.3
heredity,,fortis,,,9.19,9.3000,8.7,9.9
heredity,,fortis,,,8.9,8.8500,10.4,7.3
heredity,,fortis,,,9.28,8.9500,9.6,8.3
heredity,,fortis,,,10.58,9.8000,9.1,10.5
heredity,,fortis,,,9,9.5000,9.2,9.8
heredity,,fortis,,,9.4,8.6500,8.4,8.9
heredity,,fortis,,,8.91,9.1000,9.9,8.3
heredity,,fortis,,,9.93,9.4000,9.1,9.7
heredity,,fortis,,,10,8.4750,7.95,9
heredity,,fortis,,,9.37,9.3500,9.6,9.1
heredity,,fortis,,,7.4,7.9500,8.5,7.4
heredity,,fortis,,,9,9.3500,8.8,9.9
heredity,,fortis,,,8.8,8.5750,7.8,9.35
heredity,,fortis,,,9.18,9.0500,9,9.1
heredity,,fortis,,,8.3,8.1750,7.9,8.45
heredity,,fortis,,,10.08,9.8500,9.9,9.8
heredity,,fortis,,,7.9,7.8500,8.2,7.5
heredity,,fortis,,,9.96,9.8500,9.3,10.4
heredity,,fortis,,,10.4,10.1000,10.1,10.1
heredity,,fortis,,,9.65,9.3500,9.4,9.3
heredity,,fortis,,,8.8,8.8500,9.4,8.3
heredity,,fortis,,,8.65,8.7500,9.1,8.4
heredity,,fortis,,,9.7,9.6250,9.9,9.35
heredity,,fortis,,,9.23,9.2500,9.5,9
heredity,,fortis,,,9.43,9.5500,9.3,9.8
heredity,,fortis,,,9.93,10.3250,10.35,10.3
heredity,,fortis,,,8.47,8.5500,9.8,7.3
heredity,,fortis,,,9.55,9.6750,9.8,9.55
heredity,,fortis,,,9.28,9.1500,9.5,8.8
heredity,,fortis,,,8.85,9.0000,9.6,8.4
heredity,,fortis,,,8.9,9.6500,10.1,9.2
heredity,,fortis,,,8.75,8.6000,8.5,8.7
heredity,,fortis,,,8.63,8.8000,9.25,8.35
heredity,,fortis,,,9,9.0000,8.7,9.3
heredity,,fortis,,,9.43,9.9500,10.3,9.6
heredity,,fortis,,,8.28,8.4000,8.9,7.9
heredity,,fortis,,,9.23,9.3500,9.5,9.2
heredity,,fortis,,,10.4,10.3000,10.1,10.5
heredity,,fortis,,,9,9.0500,8.3,9.8
heredity,,fortis,,,9.8,9.9750,9.45,10.5
heredity,,fortis,,,9.77,9.9750,10.8,9.15
heredity,,fortis,,,8.97,8.6500,8.5,8.8
heredity,,fortis,,,8.37,8.7250,8.8,8.65
heredity,,fortis,,,7.7,8.2000,7.4,9
heredity,,fortis,,,7.9,7.8500,7.4,8.3
heredity,,fortis,,,9.5,8.7750,8.85,8.7
heredity,,fortis,,,8.2,8.5000,9.3,7.7
heredity,,fortis,,,8.8,9.4000,9.4,9.4
heredity,,scandens,,,8.4190,8.3318,,
heredity,,scandens,,,9.2468,8.4035,,
heredity,,scandens,,,8.1532,8.5317,,
heredity,,scandens,,,8.0089,8.7202,,
heredity,,scandens,,,8.2215,8.7089,,
heredity,,scandens,,,8.3734,8.7541,,
heredity,,scandens,,,8.5025,8.7730,,
heredity,,scandens,,,8.6392,8.8107,,
heredity,,scandens,,,8.7684,8.7919,,
heredity,,scandens,,,8.8139,8.8069,,
heredity,,scandens,,,8.7911,8.6523,,
heredity,,scandens,,,8.9051,8.6146,,
heredity,,scandens,,,8.9203,8.6938,,
heredity,,scandens,,,8.8747,8.7127,,
heredity,,scandens,,,8.9430,8.7466,,
heredity,,scandens,,,9.0038,8.7504,,
heredity,,scandens,,,8.9810,8.7805,,
heredity,,scandens,,,9.0949,8.7428,,
heredity,,scandens,,,9.2696,8.7164,,
heredity,,scandens,,,9.1633,8.8032,,
heredity,,scandens,,,9.1785,8.8258,,
heredity,,scandens,,,9.1937,8.8560,,
heredity,,scandens,,,9.2772,8.9012,,
heredity,,scandens,,,9.0722,8.9125,,
heredity,,scandens,,,8.9658,8.8635,,
heredity,,scandens,,,8.9658,8.8258,,
heredity,,scandens,,,8.5025,8.8522,,
heredity,,scandens,,,8.4949,8.8974,,
heredity,,scandens,,,8.4949,8.9427,,
heredity,,scandens,,,8.5633,8.9879,,
heredity,,scandens,,,8.6013,8.9615,,
heredity,,scandens,,,8.6468,8.9238,,
heredity,,scandens,,,8.1532,8.9351,,
heredity,,scandens,,,8.3734,9.0143,,
heredity,,scandens,,,8.6620,9.0558,,
heredity,,scandens,,,8.6924,9.0596,,
heredity,,scandens,,,8.7456,8.9917,,
heredity,,scandens,,,8.8367,8.9050,,
heredity,,scandens,,,8.8595,8.9314,,
heredity,,scandens,,,8.9658,8.9465,,
heredity,,scandens,,,8.9582,8.9879,,
heredity,,scandens,,,8.8671,8.9804,,
heredity,,scandens,,,8.8671,9.0219,,
heredity,,scandens,,,8.9430,9.0520,,
heredity,,scandens,,,9.0646,9.0407,,
heredity,,scandens,,,9.1405,9.0407,,
heredity,,scandens,,,9.2089,8.9955,,
heredity,,scandens,,,9.2848,8.9992,,
heredity,,scandens,,,9.3759,8.9992,,
heredity,,scandens,,,9.4899,9.0747,,
heredity,,scandens,,,9.4519,9.0747,,
heredity,,scandens,,,8.1228,9.5385,,
heredity,,scandens,,,8.2595,9.4781,,
heredity,,scandens,,,8.3127,9.4517,,
heredity,,scandens,,,8.4949,9.3537,,
heredity,,scandens,,,8.6013,9.2707,,
heredity,,scandens,,,8.4646,9.1199,,
heredity,,scandens,,,8.5329,9.1689,,
heredity,,scandens,,,8.7532,9.1425,,
heredity,,scandens,,,8.8823,9.1350,,
heredity,,scandens,,,9.0342,9.1011,,
heredity,,scandens,,,8.6392,9.1727,,
heredity,,scandens,,,8.6772,9.2217,,
heredity,,scandens,,,8.6316,9.2255,,
heredity,,scandens,,,8.7532,9.2821,,
heredity,,scandens,,,8.8291,9.3235,,
heredity,,scandens,,,8.8975,9.3198,,
heredity,,scandens,,,8.9734,9.3198,,
heredity,,scandens,,,9.0494,9.3198,,
heredity,,scandens,,,9.1253,9.3273,,
heredity,,scandens,,,9.1253,9.3725,,
heredity,,scandens,,,9.1253,9.3989,,
heredity,,scandens,,,9.1785,9.4253,,
heredity,,scandens,,,9.2848,9.4593,,
heredity,,scandens,,,9.4595,9.4442,,
heredity,,scandens,,,9.3608,9.4291,,
heredity,,scandens,,,9.2089,9.2632,,
heredity,,scandens,,,9.2544,9.2293,,
heredity,,scandens,,,9.3684,9.1878,,
heredity,,scandens,,,9.3684,9.1425,,
heredity,,scandens,,,9.2316,9.1275,,
heredity,,scandens,,,9.1709,9.1802,,
heredity,,scandens,,,9.2316,9.1765,,
heredity,,scandens,,,9.0342,9.2481,,
heredity,,scandens,,,8.8899,9.2481,,
heredity,,scandens,,,8.8291,9.1991,,
heredity,,scandens,,,8.9810,9.1689,,
heredity,,scandens,,,8.8975,9.1765,,
heredity,,scandens,,,10.4089,9.2406,,
heredity,,scandens,,,10.1886,9.3198,,
heredity,,scandens,,,9.7633,9.3235,,
heredity,,scandens,,,9.7329,9.1991,,
heredity,,scandens,,,9.6114,9.2971,,
heredity,,scandens,,,9.5051,9.2443,,
heredity,,scandens,,,9.5127,9.3160,,
heredity,,scandens,,,9.3684,9.2934,,
heredity,,scandens,,,9.6266,9.3914,,
heredity,,scandens,,,9.5354,9.3989,,
heredity,,scandens,,,10.0215,9.5121,,
heredity,,scandens,,,10.0215,9.6176,,
heredity,,scandens,,,9.6266,9.5535,,
heredity,,scandens,,,9.6038,9.4668,,
heredity,,scandens,,,9.4063,9.3725,,
heredity,,scandens,,,9.2316,9.3348,,
heredity,,scandens,,,9.3380,9.3763,,
heredity,,scandens,,,9.2620,9.3839,,
heredity,,scandens,,,9.2620,9.4216,,
heredity,,scandens,,,9.4063,9.4065,,
heredity,,scandens,,,9.4367,9.3348,,
heredity,,scandens,,,9.0342,9.4442,,
heredity,,scandens,,,8.9430,9.4367,,
heredity,,scandens,,,8.9203,9.5083,,
heredity,,scandens,,,8.7835,9.4480,,
heredity,,scandens,,,8.7835,9.4781,,
heredity,,scandens,,,9.0570,9.5950,,
heredity,,scandens,,,8.9354,9.6101,,
heredity,,scandens,,,8.8975,9.5686,,
heredity,,scandens,,,8.8139,9.6365,,
heredity,,scandens,,,8.8671,9.7119,,
heredity,,scandens,,,9.0873,9.8213,,
heredity,,scandens,,,9.2848,9.8250,,
heredity,,scandens,,,9.2392,9.7609,,
heredity,,scandens,,,9.2924,9.6516,,
heredity,,scandens,,,9.4063,9.5988,,
heredity,,scandens,,,9.3152,9.5460,,
heredity,,scandens,,,9.4899,9.6516,,
heredity,,scandens,,,9.5962,9.7572,,
heredity,,scandens,,,9.6873,9.8854,,
heredity,,scandens,,,9.5203,10.0023,,
heredity,,scandens,,,9.6646,9.3914,,
